Class Name,Registered Name
appeng.debug.TileChunkLoader,BlockChunkloader
appeng.debug.TileCubeGenerator,BlockCubeGenerator
appeng.debug.TileItemGen,BlockItemGen
appeng.debug.TilePhantomNode,BlockPhantomNode
appeng.parts.layers.LayerIEnergySource_TileCableBus,BlockCableBus
appeng.parts.layers.LayerIEnergySource_TileCableBusTESR,ClientOnly_TESR_CableBus
appeng.tile.crafting.TileCraftingMonitorTile,BlockCraftingMonitor
appeng.tile.crafting.TileCraftingStorageTile,BlockCraftingStorage
appeng.tile.crafting.TileCraftingTile,BlockCraftingUnit
appeng.tile.crafting.TileMolecularAssembler,BlockMolecularAssembler
appeng.tile.grindstone.TileCrank,BlockCrank
appeng.tile.grindstone.TileGrinder,BlockGrinder
appeng.tile.misc.TileCellWorkbench,BlockCellWorkbench
appeng.tile.misc.TileCharger,BlockCharger
appeng.tile.misc.TileCondenser,BlockCondenser
appeng.tile.misc.TileInscriber,BlockInscriber
appeng.tile.misc.TileInterface,BlockInterface
appeng.tile.misc.TileLightDetector,BlockLightDetector
appeng.tile.misc.TilePaint,BlockPaint
appeng.tile.misc.TileQuartzGrowthAccelerator,BlockQuartzGrowthAccelerator
appeng.tile.misc.TileSecurity,BlockSecurity
appeng.tile.misc.TileSkyCompass,BlockSkyCompass
appeng.tile.misc.TileVibrationChamber,BlockVibrationChamber
appeng.tile.networking.TileController,BlockController
appeng.tile.networking.TileCreativeEnergyCell,BlockCreativeEnergyCell
appeng.tile.networking.TileDenseEnergyCell,BlockDenseEnergyCell
appeng.tile.networking.TileEnergyAcceptor,BlockEnergyAcceptor
appeng.tile.networking.TileEnergyCell,BlockEnergyCell
appeng.tile.networking.TileWireless,BlockWireless
appeng.tile.qnb.TileQuantumBridge,BlockQuantumLinkChamber
appeng.tile.spatial.TileSpatialIOPort,BlockSpatialIOPort
appeng.tile.spatial.TileSpatialPylon,BlockSpatialPylon
appeng.tile.storage.TileChest,BlockChest
appeng.tile.storage.TileDrive,BlockDrive
appeng.tile.storage.TileIOPort,BlockIOPort
appeng.tile.storage.TileSkyChest,BlockSkyChest
com.InfinityRaider.AgriCraft.tileentity.TileEntityAgricraft,AgriCraft:TileEntity_AgriCraft
com.InfinityRaider.AgriCraft.tileentity.TileEntityChannel,AgriCraft:TileEntity_waterChannel
com.InfinityRaider.AgriCraft.tileentity.TileEntityCrop,AgriCraft:TileEntity_crop
com.InfinityRaider.AgriCraft.tileentity.TileEntityCustomWood,AgriCraft:TileEntity_customWood
com.InfinityRaider.AgriCraft.tileentity.TileEntitySeedAnalyzer,AgriCraft:TileEntity_seedAnalyzer
com.InfinityRaider.AgriCraft.tileentity.TileEntitySprinkler,AgriCraft:TileEntity_sprinkler
com.InfinityRaider.AgriCraft.tileentity.TileEntityTank,AgriCraft:TileEntity_waterTank
com.InfinityRaider.AgriCraft.tileentity.TileEntityValve,AgriCraft:TileEntity_channelValve
com.carpentersblocks.tileentity.TEBase,TileEntityCarpentersBlock
com.carpentersblocks.tileentity.TECarpentersDaylightSensor,TileEntityCarpentersDaylightSensor
com.carpentersblocks.tileentity.TECarpentersFlowerPot,TileEntityCarpentersFlowerPot
com.carpentersblocks.tileentity.TECarpentersSafe,TileEntityCarpentersSafe
com.carpentersblocks.tileentity.TECarpentersTorch,TileEntityCarpentersTorch
com.cricketcraft.chisel.block.tileentity.TileEntityAutoChisel,autoChisel
com.cricketcraft.chisel.block.tileentity.TileEntityPresent,tile.present.present
com.darkona.adventurebackpack.block.TileAdventureBackpack,adventureBackpackTileEntity
edgarallen.mod.scf.content.TileSuperCraftingFrame,tileSuperCraftingFrame
edgarallen.mod.scf.content.TileSuperItemFrame,tileSuperItemFrame
edgarallen.mod.scf.content.TileSuperVoidFrame,tileSuperVoidFrame
extracells.tileentity.TileEntityCertusTank,tileEntityCertusTank
extracells.tileentity.TileEntityFluidCrafter,tileEntityFluidCrafter
extracells.tileentity.TileEntityFluidFiller,tileEntityFluidFiller
extracells.tileentity.TileEntityFluidInterface,tileEntityFluidInterface
extracells.tileentity.TileEntityWalrus,tileEntityWalrus
forestry.apiculture.gadgets.TileAlvearyFan,forestry.AlvearyFan
forestry.apiculture.gadgets.TileAlvearyHeater,forestry.AlvearyHeater
forestry.apiculture.gadgets.TileAlvearyHygroregulator,forestry.AlvearyHygro
forestry.apiculture.gadgets.TileAlvearyPlain,forestry.Alveary
forestry.apiculture.gadgets.TileAlvearySieve,forestry.AlvearySieve
forestry.apiculture.gadgets.TileAlvearyStabiliser,forestry.AlvearyStabiliser
forestry.apiculture.gadgets.TileAlvearySwarmer,forestry.AlvearySwarmer
forestry.apiculture.gadgets.TileApiaristChest,forestry.ApiaristChest
forestry.apiculture.gadgets.TileApiary,forestry.Apiary
forestry.apiculture.gadgets.TileBeehouse,forestry.Beehouse
forestry.apiculture.gadgets.TileCandle,forestry.Candle
forestry.apiculture.gadgets.TileSwarm,forestry.Swarm
forestry.arboriculture.gadgets.TileArboristChest,forestry.ArbChest
forestry.arboriculture.gadgets.TileFruitPod,forestry.Pods
forestry.arboriculture.gadgets.TileLeaves,forestry.Leaves
forestry.arboriculture.gadgets.TileSapling,forestry.Sapling
forestry.arboriculture.gadgets.TileStairs,forestry.Stairs
forestry.core.gadgets.TileAnalyzer,forestry.Analyzer
forestry.core.gadgets.TileEngine,forestry.Engine
forestry.core.gadgets.TileEscritoire,forestry.Escritoire
forestry.core.gadgets.TileMachine,forestry.Machine
forestry.core.gadgets.TileMill,forestry.Grower
forestry.energy.gadgets.EngineBronze,forestry.EngineBronze
forestry.energy.gadgets.EngineClockwork,forestry.EngineClockwork
forestry.energy.gadgets.EngineCopper,forestry.EngineCopper
forestry.energy.gadgets.EngineTin,forestry.EngineTin
forestry.energy.gadgets.MachineGenerator,forestry.Generator
forestry.factory.gadgets.MachineBottler,forestry.Bottler
forestry.factory.gadgets.MachineCarpenter,forestry.Carpenter
forestry.factory.gadgets.MachineCentrifuge,forestry.Centrifuge
forestry.factory.gadgets.MachineFabricator,forestry.Fabricator
forestry.factory.gadgets.MachineFermenter,forestry.Fermenter
forestry.factory.gadgets.MachineMoistener,forestry.Moistener
forestry.factory.gadgets.MachineRaintank,forestry.Raintank
forestry.factory.gadgets.MachineSqueezer,forestry.Squeezer
forestry.factory.gadgets.MachineStill,forestry.Still
forestry.factory.gadgets.MillRainmaker,forestry.Rainmaker
forestry.factory.gadgets.TileWorktable,forestry.Worktable
forestry.farming.gadgets.TileControl,forestry.FarmControl
forestry.farming.gadgets.TileFarmPlain,forestry.Farm
forestry.farming.gadgets.TileGearbox,forestry.FarmGearbox
forestry.farming.gadgets.TileHatch,forestry.FarmHatch
forestry.farming.gadgets.TileValve,forestry.FarmValve
forestry.lepidopterology.gadgets.TileLepidopteristChest,forestry.LepiChest
forestry.mail.gadgets.MachineMailbox,forestry.Mailbox
forestry.mail.gadgets.MachinePhilatelist,forestry.Philatelist
forestry.mail.gadgets.MachineTrader,forestry.Tradestation
gregtech.api.metatileentity.BaseMetaPipeEntity,BaseMetaPipeEntity
gregtech.api.metatileentity.BaseMetaTileEntity,BaseMetaTileEntity
gregtech.common.blocks.GT_TileEntity_Ores,GT_TileEntity_Ores
growthcraft.cellar.tileentity.TileEntityBrewKettle,grc.tileentity.brewKettle
growthcraft.cellar.tileentity.TileEntityFermentBarrel,grc.tileentity.fermentBarrel
growthcraft.cellar.tileentity.TileEntityFruitPress,grc.tileentity.fruitPress
growthcraft.cellar.tileentity.TileEntityFruitPresser,grc.tileentity.fruitPresser
ic2.core.block.TileEntityBarrel,TEBarrel
ic2.core.block.TileEntityBlock,Empty Management TileEntity
ic2.core.block.TileEntityWall,CF-Wall
ic2.core.block.generator.tileentity.TileEntityGenerator,Generator
ic2.core.block.generator.tileentity.TileEntityGeoGenerator,Geothermal Generator
ic2.core.block.generator.tileentity.TileEntityKineticGenerator,Kinetic Generator
ic2.core.block.generator.tileentity.TileEntityRTGenerator,Radioisotope Thermoelectric Generator
ic2.core.block.generator.tileentity.TileEntitySemifluidGenerator,Semifluid Generator
ic2.core.block.generator.tileentity.TileEntitySolarGenerator,Solar Panel
ic2.core.block.generator.tileentity.TileEntityStirlingGenerator,Stirling Generator
ic2.core.block.generator.tileentity.TileEntityWaterGenerator,Water Mill
ic2.core.block.generator.tileentity.TileEntityWindGenerator,Wind Mill
ic2.core.block.heatgenerator.tileentity.TileEntityElectricHeatGenerator,Electric Heat Generator
ic2.core.block.heatgenerator.tileentity.TileEntityFluidHeatGenerator,Fluid Heat Generator
ic2.core.block.heatgenerator.tileentity.TileEntityRTHeatGenerator,Radioisotope Thermo Heat Generator
ic2.core.block.heatgenerator.tileentity.TileEntitySolidHeatGenerator,Solid Heat Generator
ic2.core.block.kineticgenerator.tileentity.TileEntityElectricKineticGenerator,Electric Kinetic Generator
ic2.core.block.kineticgenerator.tileentity.TileEntityManualKineticGenerator,Manual Kinetic Generator
ic2.core.block.kineticgenerator.tileentity.TileEntitySteamKineticGenerator,Steam Kinetic Generator
ic2.core.block.kineticgenerator.tileentity.TileEntityWindKineticGenerator,Wind Kinetic Generator
ic2.core.block.machine.tileentity.TileEntityAdvMiner,Advanced Miner
ic2.core.block.machine.tileentity.TileEntityBlastFurnace,Blast Furnace
ic2.core.block.machine.tileentity.TileEntityBlockCutter,Block Cutter
ic2.core.block.machine.tileentity.TileEntityCanner,Canning Machine
ic2.core.block.machine.tileentity.TileEntityCentrifuge,Thermal Centrifuge
ic2.core.block.machine.tileentity.TileEntityCompressor,Compressor
ic2.core.block.machine.tileentity.TileEntityCondenser,Condenser
ic2.core.block.machine.tileentity.TileEntityCropHavester,Crop Havester
ic2.core.block.machine.tileentity.TileEntityCropmatron,Crop-Matron
ic2.core.block.machine.tileentity.TileEntityElectricFurnace,Electric Furnace
ic2.core.block.machine.tileentity.TileEntityElectrolyzer,Electrolyzer
ic2.core.block.machine.tileentity.TileEntityExtractor,Extractor
ic2.core.block.machine.tileentity.TileEntityFermenter,Fermenter
ic2.core.block.machine.tileentity.TileEntityFluidBottler,Fluid Bottler Maschine
ic2.core.block.machine.tileentity.TileEntityFluidDistributor,Fluid Distributor
ic2.core.block.machine.tileentity.TileEntityFluidRegulator,Fluid Regulator
ic2.core.block.machine.tileentity.TileEntityInduction,Induction Furnace
ic2.core.block.machine.tileentity.TileEntityIronFurnace,Iron Furnace
ic2.core.block.machine.tileentity.TileEntityItemBuffer,Item Buffer
ic2.core.block.machine.tileentity.TileEntityLathe,Lathe
ic2.core.block.machine.tileentity.TileEntityLiquidHeatExchanger,Liquid Heat Exchanger
ic2.core.block.machine.tileentity.TileEntityMacerator,Macerator
ic2.core.block.machine.tileentity.TileEntityMagnetizer,Magnetizer
ic2.core.block.machine.tileentity.TileEntityMatter,Mass Fabricator
ic2.core.block.machine.tileentity.TileEntityMetalFormer,Metal Former
ic2.core.block.machine.tileentity.TileEntityMiner,Miner
ic2.core.block.machine.tileentity.TileEntityNuke,Nuke
ic2.core.block.machine.tileentity.TileEntityOreWashing,Ore Washing Plant
ic2.core.block.machine.tileentity.TileEntityPatternStorage,Pattern Storage
ic2.core.block.machine.tileentity.TileEntityPump,Pump
ic2.core.block.machine.tileentity.TileEntityRecycler,Recycler
ic2.core.block.machine.tileentity.TileEntityReplicator,Replicator
ic2.core.block.machine.tileentity.TileEntityScanner,Scanner
ic2.core.block.machine.tileentity.TileEntitySolarDestiller,Solar Destiller
ic2.core.block.machine.tileentity.TileEntitySolidCanner,Solid Canner Maschine
ic2.core.block.machine.tileentity.TileEntitySortingMachine,Sorting Machine
ic2.core.block.machine.tileentity.TileEntitySteamGenerator,Steam Generator
ic2.core.block.machine.tileentity.TileEntityTeleporter,Teleporter
ic2.core.block.machine.tileentity.TileEntityTerra,Terraformer
ic2.core.block.machine.tileentity.TileEntityTesla,Tesla Coil
ic2.core.block.personal.TileEntityEnergyOMat,Energy-O-Mat
ic2.core.block.personal.TileEntityPersonalChest,Personal Safe
ic2.core.block.personal.TileEntityTradeOMat,Trade-O-Mat
ic2.core.block.reactor.tileentity.TileEntityNuclearReactorElectric,Nuclear Reactor
ic2.core.block.reactor.tileentity.TileEntityReactorAccessHatch,Reactor Access Hatch
ic2.core.block.reactor.tileentity.TileEntityReactorChamberElectric,Reactor Chamber
ic2.core.block.reactor.tileentity.TileEntityReactorFluidPort,Reactor Fluid Port
ic2.core.block.reactor.tileentity.TileEntityReactorRedstonePort,Reactor Redstone Port
ic2.core.block.wiring.TileEntityCable,Cable
ic2.core.block.wiring.TileEntityCableDetector,Detector Cable
ic2.core.block.wiring.TileEntityCableSplitter,SplitterCable
ic2.core.block.wiring.TileEntityChargepadBatBox,Chargepad BatBox
ic2.core.block.wiring.TileEntityChargepadCESU,Chargepad CESU
ic2.core.block.wiring.TileEntityChargepadMFE,Chargepad MFE
ic2.core.block.wiring.TileEntityChargepadMFSU,Chargepad MFSU
ic2.core.block.wiring.TileEntityElectricBatBox,BatBox
ic2.core.block.wiring.TileEntityElectricCESU,CESU
ic2.core.block.wiring.TileEntityElectricMFE,MFE
ic2.core.block.wiring.TileEntityElectricMFSU,MFSU
ic2.core.block.wiring.TileEntityLuminator,Luminator
ic2.core.block.wiring.TileEntityTransformerEV,EV-Transformer
ic2.core.block.wiring.TileEntityTransformerHV,HV-Transformer
ic2.core.block.wiring.TileEntityTransformerLV,LV-Transformer
ic2.core.block.wiring.TileEntityTransformerMV,MV-Transformer
ic2.core.crop.TileEntityCrop,TECrop
ihl.chemistry.GoldChimneyKneeTileEntity,goldChimneyKnee
ihl.chemistry.LeadOvenTileEntity,leadOven
ihl.chemistry.PrecipitatorCondenserTileEntity,goldPrecipitatorCondenser
ihl.collector.ChargerEjectorTileEntity,ChargerEjectorTileEntity
ihl.collector.GlassBoxTileEntity,glassBoxTileEntity
ihl.crop_harvestors.BlowerTileEntity,blowerTileEntity
ihl.crop_harvestors.ElectricEvaporatorTileEntity,electricEvaporatorTileEntity
ihl.crop_harvestors.EvaporatorTileEntity,evaporatorTileEntity
ihl.crop_harvestors.SackTileEntity,sackTileEntity
ihl.flexible_cable.AnchorTileEntity,anchorTileEntity
ihl.flexible_cable.IronWorkbenchTileEntity,ironWorkbenchTileEntity
ihl.metallurgy.AchesonFurnanceTileEntity,achesonFurnance
ihl.metallurgy.DetonationSprayingMachineTileEntity,cannonBronze
ihl.metallurgy.DrawingDeskTileEntity,drawingDesk
ihl.metallurgy.FiberglassSpinneretsTileEntity,fiberglassSpinnerets
ihl.metallurgy.ImpregnatingMachineTileEntity,impregnatingMachine
ihl.metallurgy.InjectionMoldTileEntity,injectionMoldTileEntity
ihl.metallurgy.MuffleFurnanceTileEntity,muffleFurnance
ihl.trans_dimensional_item_teleporter.TDITTileEntity,tditTileEntity
ihl.tunneling_shield.DriverTileEntity,IHLDriverTileEntity
ihl.worldgen.ores.DebugScannerTileEntity,DebugScanner
jds.bibliocraft.tileentities.TileEntityArmorStand,ArmorStandTile
jds.bibliocraft.tileentities.TileEntityBell,biblioBellTile
jds.bibliocraft.tileentities.TileEntityBookcase,BookcaseTile
jds.bibliocraft.tileentities.TileEntityClock,biblioClockTile
jds.bibliocraft.tileentities.TileEntityCookieJar,CookieJarTile
jds.bibliocraft.tileentities.TileEntityDinnerPlate,dinnerPlateTile
jds.bibliocraft.tileentities.TileEntityDiscRack,discRackTile
jds.bibliocraft.tileentities.TileEntityFancySign,fancySignTile
jds.bibliocraft.tileentities.TileEntityFancyWorkbench,fancyWorkbenchTile
jds.bibliocraft.tileentities.TileEntityGenericShelf,GenericShelfTile
jds.bibliocraft.tileentities.TileEntityLabel,WoodLabelTile
jds.bibliocraft.tileentities.TileEntityLamp,LampTile
jds.bibliocraft.tileentities.TileEntityLantern,LanternTile
jds.bibliocraft.tileentities.TileEntityMapFrame,mapFrameTile
jds.bibliocraft.tileentities.TileEntityMarkerPole,markerTile
jds.bibliocraft.tileentities.TileEntityPaintPress,biblioPaintPressTile
jds.bibliocraft.tileentities.TileEntityPainting,biblioPaintingTile
jds.bibliocraft.tileentities.TileEntityPotionShelf,PotionShelfTile
jds.bibliocraft.tileentities.TileEntityPrintPress,PrintPressTile
jds.bibliocraft.tileentities.TileEntitySeat,seatTile
jds.bibliocraft.tileentities.TileEntitySwordPedestal,swordPedTile
jds.bibliocraft.tileentities.TileEntityTable,TableTile
jds.bibliocraft.tileentities.TileEntityTypeMachine,TypeMachineTile
jds.bibliocraft.tileentities.TileEntityTypewriter,biblioTypewriterTile
jds.bibliocraft.tileentities.TileEntityWeaponCase,WeaponCaseTile
jds.bibliocraft.tileentities.TileEntityWeaponRack,ToolRackTile
jds.bibliocraft.tileentities.TileEntityWritingDesk,WritingDeskTile
jds.bibliowood.forestrywood.blocks.TEBookcase,ForestryBookcaseTile
jds.bibliowood.forestrywood.blocks.TEBookcase2,ForestryBookcaseTile2
jds.bibliowood.forestrywood.blocks.TECase0,ForestryWeaponCaseTile0
jds.bibliowood.forestrywood.blocks.TECase1,ForestryWeaponCaseTile1
jds.bibliowood.forestrywood.blocks.TEClock,ForestryClockTile
jds.bibliowood.forestrywood.blocks.TEClock2,ForestryClockTile2
jds.bibliowood.forestrywood.blocks.TEDesk,ForestryWritingDeskTile
jds.bibliowood.forestrywood.blocks.TEDesk2,ForestryWritingDeskTile2
jds.bibliowood.forestrywood.blocks.TEFancySign,ForestryFancySignTile
jds.bibliowood.forestrywood.blocks.TEFancySign2,ForestryFancySignTile2
jds.bibliowood.forestrywood.blocks.TEFancyWorkbench,ForestryFancyWorkbenchTile
jds.bibliowood.forestrywood.blocks.TEFancyWorkbench2,ForestryFancyWorkbenchTile2
jds.bibliowood.forestrywood.blocks.TELabel,ForestryWoodLabelTile
jds.bibliowood.forestrywood.blocks.TELabel2,ForestryWoodLabelTile2
jds.bibliowood.forestrywood.blocks.TEMapFrame,ForestryMapFrameTile
jds.bibliowood.forestrywood.blocks.TEMapFrame2,ForestryMapFrameTile2
jds.bibliowood.forestrywood.blocks.TEPainting,ForestryPaintingTile
jds.bibliowood.forestrywood.blocks.TEPainting2,ForestryPaintingTile2
jds.bibliowood.forestrywood.blocks.TEPotionShelf,ForestryPotionShelfTile
jds.bibliowood.forestrywood.blocks.TEPotionShelf2,ForestryPotionShelfTile2
jds.bibliowood.forestrywood.blocks.TESeat,ForestrySeatTile
jds.bibliowood.forestrywood.blocks.TESeat2,ForestrySeatTile2
jds.bibliowood.forestrywood.blocks.TEShelf,ForestryGenericShelfTile
jds.bibliowood.forestrywood.blocks.TEShelf2,ForestryGenericShelfTile2
jds.bibliowood.forestrywood.blocks.TETable,ForestryTableTile
jds.bibliowood.forestrywood.blocks.TETable2,ForestryTableTile2
jds.bibliowood.forestrywood.blocks.TEToolRack,ForestryToolRackTile
jds.bibliowood.forestrywood.blocks.TEToolRack2,ForestryToolRackTile2
mods.railcraft.common.blocks.aesthetics.post.TilePostEmblem,RCPostEmblemTile
mods.railcraft.common.blocks.aesthetics.slab.TileSlab,RCSlabTile
mods.railcraft.common.blocks.aesthetics.stairs.TileStair,RCStairTile
mods.railcraft.common.blocks.detector.TileDetector,RCDetectorTile
mods.railcraft.common.blocks.hidden.TileHidden,RCHiddenTile
mods.railcraft.common.blocks.machine.alpha.TileAnchorAdmin,RCAdminAnchorTile
mods.railcraft.common.blocks.machine.alpha.TileAnchorPersonal,RCPersonalAnchorTile
mods.railcraft.common.blocks.machine.alpha.TileAnchorWorld,RCWorldAnchorTile
mods.railcraft.common.blocks.machine.alpha.TileBlastFurnace,RCBlastFurnaceTile
mods.railcraft.common.blocks.machine.alpha.TileCokeOven,RCCokeOvenTile
mods.railcraft.common.blocks.machine.alpha.TileEngravingBench,RCEngravingBenchTile
mods.railcraft.common.blocks.machine.alpha.TileFeedStation,RCFeedStationTile
mods.railcraft.common.blocks.machine.alpha.TileRockCrusher,RCRockCrusherTile
mods.railcraft.common.blocks.machine.alpha.TileRollingMachine,RCRollingMachineTile
mods.railcraft.common.blocks.machine.alpha.TileSmoker,RCSmokerTile
mods.railcraft.common.blocks.machine.alpha.TileSteamOven,RCSteamOvenTile
mods.railcraft.common.blocks.machine.alpha.TileSteamTrapAuto,RCSteamTrapAutoTile
mods.railcraft.common.blocks.machine.alpha.TileSteamTrapManual,RCSteamTrapManualTile
mods.railcraft.common.blocks.machine.alpha.TileSteamTurbine,RCSteamTurbineTile
mods.railcraft.common.blocks.machine.alpha.TileTankWater,RCWaterTankTile
mods.railcraft.common.blocks.machine.alpha.TileTradeStation,RCTradeStationTile
mods.railcraft.common.blocks.machine.beta.TileBoilerFireboxLiquid,RCBoilerFireboxLiquidTile
mods.railcraft.common.blocks.machine.beta.TileBoilerFireboxSolid,RCBoilerFireboxSoildTile
mods.railcraft.common.blocks.machine.beta.TileBoilerTankHigh,RCBoilerTankHighTile
mods.railcraft.common.blocks.machine.beta.TileBoilerTankLow,RCBoilerTankLowTile
mods.railcraft.common.blocks.machine.beta.TileChestMetals,RCMetalsChestTile
mods.railcraft.common.blocks.machine.beta.TileChestVoid,RCVoidChestTile
mods.railcraft.common.blocks.machine.beta.TileEngineSteamHigh,RCEngineSteamHigh
mods.railcraft.common.blocks.machine.beta.TileEngineSteamHobby,RCEngineSteamHobby
mods.railcraft.common.blocks.machine.beta.TileEngineSteamLow,RCEngineSteamLow
mods.railcraft.common.blocks.machine.beta.TileSawmill,RCSawmillTile
mods.railcraft.common.blocks.machine.beta.TileSentinel,RCAnchorSentinelTile
mods.railcraft.common.blocks.machine.beta.TileTankIronGauge,RCIronTankGaugeTile
mods.railcraft.common.blocks.machine.beta.TileTankIronValve,RCIronTankValveTile
mods.railcraft.common.blocks.machine.beta.TileTankIronWall,RCIronTankWallTile
mods.railcraft.common.blocks.machine.beta.TileTankSteelGauge,RCSteelTankGaugeTile
mods.railcraft.common.blocks.machine.beta.TileTankSteelValve,RCSteelTankValveTile
mods.railcraft.common.blocks.machine.beta.TileTankSteelWall,RCSteelTankWallTile
mods.railcraft.common.blocks.machine.delta.TileCage,RCCageTile
mods.railcraft.common.blocks.machine.delta.TileWire,RCWireTile
mods.railcraft.common.blocks.machine.epsilon.TileAdminSteamProducer,RCAdminSteamProducerTile
mods.railcraft.common.blocks.machine.epsilon.TileElectricFeeder,RCElectricFeederTile
mods.railcraft.common.blocks.machine.epsilon.TileElectricFeederAdmin,RCElectricFeederAdminTile
mods.railcraft.common.blocks.machine.epsilon.TileFluxTransformer,RCFluxTransformerTile
mods.railcraft.common.blocks.machine.epsilon.TileForceTrackEmitter,RCForceTrackEmitterTile
mods.railcraft.common.blocks.machine.gamma.TileDispenserCart,RCMinecartDispenserTile
mods.railcraft.common.blocks.machine.gamma.TileDispenserTrain,RCTrainDispenserTile
mods.railcraft.common.blocks.machine.gamma.TileEnergyLoader,RCLoaderTileEnergy
mods.railcraft.common.blocks.machine.gamma.TileEnergyUnloader,RCUnloaderTileEnergy
mods.railcraft.common.blocks.machine.gamma.TileItemLoader,RCLoaderTile
mods.railcraft.common.blocks.machine.gamma.TileItemLoaderAdvanced,RCLoaderAdvancedTile
mods.railcraft.common.blocks.machine.gamma.TileItemUnloader,RCUnloaderTile
mods.railcraft.common.blocks.machine.gamma.TileItemUnloaderAdvanced,RCUnloaderAdvancedTile
mods.railcraft.common.blocks.machine.gamma.TileLiquidLoader,RCLoaderTileLiquid
mods.railcraft.common.blocks.machine.gamma.TileLiquidUnloader,RCUnloaderTileLiquid
mods.railcraft.common.blocks.signals.TileBoxAnalogController,RCTileStructureAnalogBox
mods.railcraft.common.blocks.signals.TileBoxBlockRelay,RCTileStructureSignalBox
mods.railcraft.common.blocks.signals.TileBoxCapacitor,RCTileStructureCapacitorBox
mods.railcraft.common.blocks.signals.TileBoxController,RCTileStructureControllerBox
mods.railcraft.common.blocks.signals.TileBoxInterlock,RCTileStructureInterlockBox
mods.railcraft.common.blocks.signals.TileBoxReceiver,RCTileStructureReceiverBox
mods.railcraft.common.blocks.signals.TileBoxSequencer,RCTileStructureSequencerBox
mods.railcraft.common.blocks.signals.TileSignalBlockSignal,RCTileStructureBlockSignal
mods.railcraft.common.blocks.signals.TileSignalDistantSignal,RCTileStructureDistantSignal
mods.railcraft.common.blocks.signals.TileSignalDualHeadBlockSignal,RCTileStructureDualHeadBlockSignal
mods.railcraft.common.blocks.signals.TileSignalDualHeadDistantSignal,RCTileStructureDualHeadDistantSignal
mods.railcraft.common.blocks.signals.TileSwitchLever,RCTileStructureSwitchLever
mods.railcraft.common.blocks.signals.TileSwitchMotor,RCTileStructureSwitchMotor
mods.railcraft.common.blocks.signals.TileSwitchRouting,RCTileStructureSwitchRouting
mods.railcraft.common.blocks.tracks.TileTrack,RailcraftTrackTile
mods.railcraft.common.blocks.tracks.TileTrackTESR,RailcraftTrackTESRTile
mrtjp.projectred.illumination.TileAirousLight,tile.projectred.illumination.airousLight
mrtjp.projectred.illumination.TileLamp,tile.projectred.illumination.lamp|0
net.mcft.copy.betterstorage.addon.thaumcraft.TileEntityThaumcraftBackpack,container.betterstorage.thaumcraftBackpack
net.mcft.copy.betterstorage.addon.thaumcraft.TileEntityThaumiumChest,container.betterstorage.thaumiumChest
net.mcft.copy.betterstorage.tile.crate.TileEntityCrate,container.betterstorage.crate
net.mcft.copy.betterstorage.tile.entity.TileEntityBackpack,container.betterstorage.backpack
net.mcft.copy.betterstorage.tile.entity.TileEntityCardboardBox,container.betterstorage.cardboardBox
net.mcft.copy.betterstorage.tile.entity.TileEntityCraftingStation,container.betterstorage.craftingStation
net.mcft.copy.betterstorage.tile.entity.TileEntityLockableDoor,betterstorage.lockableDoor
net.mcft.copy.betterstorage.tile.entity.TileEntityLocker,container.betterstorage.locker
net.mcft.copy.betterstorage.tile.entity.TileEntityPresent,container.betterstorage.present
net.mcft.copy.betterstorage.tile.entity.TileEntityReinforcedChest,container.betterstorage.reinforcedChest
net.mcft.copy.betterstorage.tile.entity.TileEntityReinforcedLocker,container.betterstorage.reinforcedLocker
net.mcft.copy.betterstorage.tile.stand.TileEntityArmorStand,container.betterstorage.armorStand
net.minecraft.block.BlockJukebox$TileEntityJukebox,RecordPlayer
net.minecraft.tileentity.TileEntity,GeoBlockHost
net.minecraft.tileentity.TileEntityBeacon,Beacon
net.minecraft.tileentity.TileEntityBrewingStand,Cauldron
net.minecraft.tileentity.TileEntityChest,Chest
net.minecraft.tileentity.TileEntityCommandBlock,Control
net.minecraft.tileentity.TileEntityComparator,Comparator
net.minecraft.tileentity.TileEntityDaylightDetector,DLDetector
net.minecraft.tileentity.TileEntityDispenser,Trap
net.minecraft.tileentity.TileEntityDropper,Dropper
net.minecraft.tileentity.TileEntityEnchantmentTable,EnchantTable
net.minecraft.tileentity.TileEntityEndPortal,Airportal
net.minecraft.tileentity.TileEntityEnderChest,EnderChest
net.minecraft.tileentity.TileEntityFlowerPot,FlowerPot
net.minecraft.tileentity.TileEntityFurnace,Furnace
net.minecraft.tileentity.TileEntityHopper,Hopper
net.minecraft.tileentity.TileEntityMobSpawner,MobSpawner
net.minecraft.tileentity.TileEntityNote,Music
net.minecraft.tileentity.TileEntityPiston,Piston
net.minecraft.tileentity.TileEntitySign,Sign
net.minecraft.tileentity.TileEntitySkull,Skull
openblocks.common.tileentity.TileEntityBearTrap,openblocks_beartrap
openblocks.common.tileentity.TileEntityBigButton,openblocks_bigbutton
openblocks.common.tileentity.TileEntityCannon,openblocks_cannon
openblocks.common.tileentity.TileEntityCanvas,openblocks_canvasglass
openblocks.common.tileentity.TileEntityDonationStation,openblocks_donationStation
openblocks.common.tileentity.TileEntityDrawingTable,openblocks_drawingtable
openblocks.common.tileentity.TileEntityFan,openblocks_fan
openblocks.common.tileentity.TileEntityFlag,openblocks_flag
openblocks.common.tileentity.TileEntityGoldenEgg,openblocks_goldenegg
openblocks.common.tileentity.TileEntityGrave,openblocks_grave
openblocks.common.tileentity.TileEntityGuide,openblocks_guide
openblocks.common.tileentity.TileEntityImaginary,openblocks_imaginary
openblocks.common.tileentity.TileEntityItemDropper,openblocks_itemDropper
openblocks.common.tileentity.TileEntityPaintCan,openblocks_paintcan
openblocks.common.tileentity.TileEntityPaintMixer,openblocks_paintmixer
openblocks.common.tileentity.TileEntityProjector,openblocks_projector
openblocks.common.tileentity.TileEntitySky,openblocks_sky
openblocks.common.tileentity.TileEntityTank,openblocks_tank
openblocks.common.tileentity.TileEntityTarget,openblocks_target
openblocks.common.tileentity.TileEntityTrophy,openblocks_trophy
openblocks.common.tileentity.TileEntityVacuumHopper,openblocks_vacuumhopper
openblocks.common.tileentity.TileEntityVillageHighlighter,openblocks_village_highlighter
shedar.mods.ic2.nuclearcontrol.tileentities.TileEntityAdvancedInfoPanel,IC2NCAdvancedInfoPanel
shedar.mods.ic2.nuclearcontrol.tileentities.TileEntityAdvancedInfoPanelExtender,IC2NCAdvancedInfoPanelExtender
shedar.mods.ic2.nuclearcontrol.tileentities.TileEntityAverageCounter,IC2NCAverageCounter
shedar.mods.ic2.nuclearcontrol.tileentities.TileEntityEnergyCounter,IC2NCEnergyCounter
shedar.mods.ic2.nuclearcontrol.tileentities.TileEntityHowlerAlarm,IC2HowlerAlarm
shedar.mods.ic2.nuclearcontrol.tileentities.TileEntityIC2Thermo,IC2Thermo
shedar.mods.ic2.nuclearcontrol.tileentities.TileEntityIndustrialAlarm,IC2IndustrialAlarm
shedar.mods.ic2.nuclearcontrol.tileentities.TileEntityInfoPanel,IC2NCInfoPanel
shedar.mods.ic2.nuclearcontrol.tileentities.TileEntityInfoPanelExtender,IC2NCInfoPanelExtender
shedar.mods.ic2.nuclearcontrol.tileentities.TileEntityRangeTrigger,IC2NCRangeTrigger
shedar.mods.ic2.nuclearcontrol.tileentities.TileEntityRemoteThermo,IC2RemoteThermo
thaumcraft.common.tiles.TileAlchemyFurnace,TileAlchemyFurnace
thaumcraft.common.tiles.TileAlchemyFurnaceAdvanced,TileAlchemyFurnaceAdvanced
thaumcraft.common.tiles.TileAlchemyFurnaceAdvancedNozzle,TileAlchemyFurnaceAdvancedNozzle
thaumcraft.common.tiles.TileAlembic,TileSiphon
thaumcraft.common.tiles.TileArcaneBore,TileArcaneBore
thaumcraft.common.tiles.TileArcaneBoreBase,TileArcaneBoreBase
thaumcraft.common.tiles.TileArcaneFurnace,TileArcaneFurnace
thaumcraft.common.tiles.TileArcaneFurnaceNozzle,TileArcaneFurnaceNozzle
thaumcraft.common.tiles.TileArcaneLamp,TileArcaneLamp
thaumcraft.common.tiles.TileArcaneLampFertility,TileArcaneLampFertility
thaumcraft.common.tiles.TileArcaneLampGrowth,TileArcaneLampGrowth
thaumcraft.common.tiles.TileArcanePressurePlate,TileArcanePressurePlate
thaumcraft.common.tiles.TileArcaneWorkbench,TileArcaneWorkbench
thaumcraft.common.tiles.TileBanner,TileBanner
thaumcraft.common.tiles.TileBellows,TileBellows
thaumcraft.common.tiles.TileBrainbox,TileBrainbox
thaumcraft.common.tiles.TileCentrifuge,TileCentrifuge
thaumcraft.common.tiles.TileChestHungry,TileChestHungry
thaumcraft.common.tiles.TileCrucible,TileCrucible
thaumcraft.common.tiles.TileCrystal,TileCrystal
thaumcraft.common.tiles.TileDeconstructionTable,TileDeconstructionTable
thaumcraft.common.tiles.TileEldritchAltar,TileEldritchAltar
thaumcraft.common.tiles.TileEldritchCap,TileEldritchCap
thaumcraft.common.tiles.TileEldritchCrabSpawner,TileEldritchCrabSpawner
thaumcraft.common.tiles.TileEldritchCrystal,TileEldritchCrystal
thaumcraft.common.tiles.TileEldritchLock,TileEldritchLock
thaumcraft.common.tiles.TileEldritchNothing,TileEldritchNothing
thaumcraft.common.tiles.TileEldritchObelisk,TileEldritchObelisk
thaumcraft.common.tiles.TileEldritchPortal,TileEldritchPortal
thaumcraft.common.tiles.TileEldritchTrap,TileEldritchTrap
thaumcraft.common.tiles.TileEssentiaCrystalizer,TileEssentiaCrystalizer
thaumcraft.common.tiles.TileEssentiaReservoir,TileEssentiaReservoir
thaumcraft.common.tiles.TileEtherealBloom,TilePurifyTotem
thaumcraft.common.tiles.TileFluxScrubber,TileFluxScrubber
thaumcraft.common.tiles.TileFocalManipulator,TileFocalManipulator
thaumcraft.common.tiles.TileGrate,TileGrate
thaumcraft.common.tiles.TileHole,TileHole
thaumcraft.common.tiles.TileInfusionMatrix,TileInfusionStone
thaumcraft.common.tiles.TileInfusionPillar,TileInfusionPillar
thaumcraft.common.tiles.TileJarBrain,TileJarBrain
thaumcraft.common.tiles.TileJarFillable,TileJar
thaumcraft.common.tiles.TileJarFillableVoid,TileJarVoid
thaumcraft.common.tiles.TileJarNode,TileJarNode
thaumcraft.common.tiles.TileLifter,TileLifter
thaumcraft.common.tiles.TileMagicBox,TileMagicBox
thaumcraft.common.tiles.TileMagicWorkbenchCharger,TileMagicWorkbenchCharger
thaumcraft.common.tiles.TileManaPod,TileManaPod
thaumcraft.common.tiles.TileMirror,TileMirror
thaumcraft.common.tiles.TileMirrorEssentia,TileMirrorEssentia
thaumcraft.common.tiles.TileNitor,TileNitor
thaumcraft.common.tiles.TileNode,TileNode
thaumcraft.common.tiles.TileNodeConverter,TileNodeConverter
thaumcraft.common.tiles.TileNodeEnergized,TileNodeEnergized
thaumcraft.common.tiles.TileNodeStabilizer,TileNodeStabilizer
thaumcraft.common.tiles.TileOwned,TileOwned
thaumcraft.common.tiles.TilePedestal,TilePedestal
thaumcraft.common.tiles.TileResearchTable,TileResearchTable
thaumcraft.common.tiles.TileSensor,TileSensor
thaumcraft.common.tiles.TileSpa,TileSpa
thaumcraft.common.tiles.TileTable,TileTable
thaumcraft.common.tiles.TileThaumatorium,TileThaumatorium
thaumcraft.common.tiles.TileThaumatoriumTop,TileThaumatoriumTop
thaumcraft.common.tiles.TileTube,TileTube
thaumcraft.common.tiles.TileTubeBuffer,TileTubeBuffer
thaumcraft.common.tiles.TileTubeFilter,TileTubeFilter
thaumcraft.common.tiles.TileTubeOneway,TileTubeOneway
thaumcraft.common.tiles.TileTubeRestrict,TileTubeRestrict
thaumcraft.common.tiles.TileTubeValve,TileTubeValve
thaumcraft.common.tiles.TileVisRelay,TileVisRelay
thaumcraft.common.tiles.TileWandPedestal,TileWandPedestal
thaumcraft.common.tiles.TileWarded,TileWarded
thaumcraft.common.tiles.TileWardingStone,TileWardingStone
thaumcraft.common.tiles.TileWardingStoneFence,TileWardingStoneFence
twilightforest.tileentity.TileEntityTFCReactorActive,Active Carminite Reactor
twilightforest.tileentity.TileEntityTFCicada,Cicada
twilightforest.tileentity.TileEntityTFFirefly,Firefly
twilightforest.tileentity.TileEntityTFFlameJet,Lit Flame Jet
twilightforest.tileentity.TileEntityTFGhastTrapActive,Active Ghast Trap
twilightforest.tileentity.TileEntityTFGhastTrapInactive,Inactive Ghast Trap
twilightforest.tileentity.TileEntityTFHydraSpawner,Hydra Spawner
twilightforest.tileentity.TileEntityTFKnightPhantomsSpawner,Knight Phantom Spawner
twilightforest.tileentity.TileEntityTFLichSpawner,Lich Spawner
twilightforest.tileentity.TileEntityTFMoonworm,Moonworm
twilightforest.tileentity.TileEntityTFNagaSpawner,Naga Spawner
twilightforest.tileentity.TileEntityTFPoppingJet,Popping Flame Jet
twilightforest.tileentity.TileEntityTFReverter,Tower Reverter
twilightforest.tileentity.TileEntityTFSmoker,Swamp Smoker
twilightforest.tileentity.TileEntityTFSnowQueenSpawner,Snow Queen Spawner
twilightforest.tileentity.TileEntityTFTowerBossSpawner,Tower Boss Spawner
twilightforest.tileentity.TileEntityTFTowerBuilder,Tower Builder
twilightforest.tileentity.TileEntityTFTrophy,TF Trophy
xreliquary.blocks.tile.TileEntityAltar,reliquaryAltar
xreliquary.blocks.tile.TileEntityCauldron,reliquaryCauldron
xreliquary.blocks.tile.TileEntityMortar,apothecaryMortar
